,sentiment,content
1631,hate,My stomach is killing me do j can't sleep
8481,anger,@anz_rocks19  i have to break the twitterparty... im off home soon
763,hate,"Taking back the HORRIBLE shoes my mum made me get.. urgggh. They are some nasty footwear! Problem is, I can't find any other shoes!"
396,sadness,my stupid tooooth hurts
18851,anger,too sick for rigging tomorrow.
2366,love,@sevinnyne6126 Lindsay we are your spanish fansite and we love you www.ultimatelohan.org please reply us  I wish you a good flight &lt;3
9,sadness,@kelcouch I'm sorry  at least it's Friday?
779,hate,"gonna get off to try and catch some Z's, no more high school after tomorrow! which really sucks  i wish i didn't have to grow up!"
5038,anger,@_hayles are u serious???? you touched his arse? ohmygod u bitch!!! lol aaaaawwwwwww y did u tell me that!!!
122,love,@freepbx sounds good. Appreciate the suggestion. Been a week now and we're still offline  Time to ask for a refund...
171,sadness,"@heresmyhello92 We hate change, so of course. We're fans for life. &lt;3 Oh and if we haven't met Rob by then something went horribly wrong."
1377,anger,I tried to dye my hair and all i got was a blond chunk in the front middle part of my hair. Dang.
2376,love,@sevinnyne6126 Lindsay we are your spanish fansite and we love you www.ultimatelohan.org please reply us  I wish you good luck
2190,happiness,@carocat Nooo  But hey you're back next week! Are you moving back for good?
494,anger,fuckin'm transtelecom
1118,love,i wanna be love drunk
1201,hate,Have to go to work  typical sunshine and deep sleep; stupid friday.
116,sadness,@neesabear early happy day of birth in case I don't make it! Very tired from therapy today n just taking my medicine!  misshu! Love ya!
234,happiness,"omg, the concert was awesome, madrigals gave me chills on almost every piece...brooks also called up alumni, but i didnt get to go"
25055,anger,"@olafsearson Lol - I could try!  Seriously tho, dont do all of it! That sucks! xx"
7205,anger,@aranarose Murphy's Law?  Sorry that your computer is not cooperating when you have lots of work. My kids are .. http://tinyurl.com/km235x
1608,happiness,@SharktailYPP The red font up the top is very nice. But where did they put all the old entries?
1442,hate,lol my other tank/dps friend is having the same problem in a different guild.  wtf is wrong with this server?
2018,love,"i really want to marry leighton meester. damn, can`t take my eyes of her."
1087,happiness,@BevJack Babes it was sooo much fun!!  Thank you so much for making that happen!  Had fun with the ladies too!  Time went to fast.
463,hate,on jacksonville beach walking in the cold Ass water   but have to work in the morning   ily &lt;('-')&gt;
2218,happiness,@_faeriequeen I just saw the Hamlet update too - excellent news... Never so good as live though
842,hate,"Working late at night on a Dell notebook, Dell's quality has gone down hill, warrenty service sucks too, poor people  buy a Mac instead"
202,sadness,@yuki_hime I played up until the latter parts of the voodoo village part co-op until I lost my usual partner
1125,happiness,@ColeDavid had  a little family party tonight   hope it rocked
702,love,wants see my friends  ;-) http://plurk.com/p/wxnwa
2015,happiness,wish my nicky were home too
601,hate,Dang it! I REALLY look like crap!! Sigh only had 35mins to shower and 10mins to get ready
109,sadness,"I wish she knew what she puts me through..She stole my heart, never gave it back..and occasionally she likes to be like look what I have!"
1772,love,"All this talk of buttershots has me wanting some!  Maybe I'll have a small bit over ice, I haven't had any since faire."
168,sadness,@BarbSchaefer yearling in pet home died... very sad for their whole family
1229,love,Just finished The Minish Cap. It's a great game! I'll miss Ezlo and Link.
1357,love,"oooooh!  this guy is so amazing, he's so cute, and he sent me a photo!  and no...i can't show"
196,hate,@melluffsyew Umm yeah. That's probably a pretty good note to self because eeeeeewwwwwwww.
14523,anger,@janae24 lol! y does ur tweet sound like ur voice yelling at me  lol!
6971,anger,"@wmdev Every time I succeed with a code, I get &quot;We're Sorry. Your Credit Card Has Been Declined at this time.&quot;"
2655,happiness,@mangointhesky idk. The original is so great.
660,love,"@IkramShahnawaz Oh I love 'em, but when I think about the kind of preservatives they're using to stay &quot;just-baked&quot; it kinda makes me sick"
438,love,Pug just woke me from an incredible sleep!
696,love,Hahaha! Alright  ..
1854,happiness,"Warwick Castle http://snurl.com/izzau Amazing!  Off to Devon for a week...no internet, no updates"
6241,anger,aaaaaaaaaaa McFly
367,sadness,Found my book. Starting a real paper-bound journal tonight. Have an annoying zit above my lip. Makes me look like I have herpes
2127,happiness,Hmmm thinking about taking back that I feel better this morning - I think I spoke to early
166,sadness,@nzdeany I've given up on pizza - kids would never let me have my fav  (the hot ones)
29925,anger,@rockchick0125 yup!  Now I can join in on the nin access fun!
24,sadness,so tired and i think i'm definitely going to get an ear infection.  going to bed &quot;early&quot; for once.
1261,happiness,I miss the concert Tuesday already. I'd really like a time machine to go see it again... It was so fun...
1033,happiness,"To all my friends: Im deeply sorry i'm moving, i will miss u all so very very much!"
2665,love,is not ready for school yet!!!  http://plurk.com/p/wy69d
14840,anger,"And you could have it all, my empire of dirt! I'm in a&amp;e with dad I'm freezing fully shivering Every1 else is warm  no fones allowed ffs!"
26,sadness,"@IsaacMascote  i'm sorry people are so rude to you, isaac, they should get some manners and know better than to be so lewd!"
67,sadness,@vincew @stefanyngo  i fell asleep on the beach and didn't put on enough sunscreen  lol
40,happiness,mmm much better day... so far! it's still quite early. last day of #uds
1735,happiness,I wanna go to DBSK oppa's Mirotic Concert in Thailand!!! I REALLY WANNA GO SO MUCHHHHH...    *burst into tears*
24270,anger,Monday...Funday!  Wake up people...and keep me awake please   Today is going to be a long one..I can already feel it. Eww
1729,hate,@jaysun093  yes it is. Sucks don't it
909,hate,Its weird being at the guy's house without them here. I don't like it
2021,happiness,hmm..Osaka. Last show today.Very sad  . i can decode ur msg ;) haha cant wait till u get 2 Sydney ;D i missed out on tickets tho :o xx
1526,happiness,@tifftiff88 what don't be sad?  Be glad. Your 21
1630,happiness,@ahhrjay useless tweet! LOL jk yay!!! You're coming tmr! How long u gnna be in phils for  ?
795,love,"@daveockun I hate you , Fleetwood is my favorite band...I'm so jealous  ok I still love you haha"
124,hate,@britblackbird  youstinkatrespondingtotexts!
1209,love,wth is happening with my neck. this is definitely not stiff neck :|
2195,happiness,"@ykesha2001 yeah, I also had to do a paper.. I only have one more final left: algebra.. &amp; I take it on my birthday!!   (june 3)"
1305,hate,"@MissMaryJ M Jizzle I need u to Hit me too, ugghh I'm sick of this damn phone! Like seriously!"
1405,love,"@LMA_xo My daddy lives in Manchester, I love it there :-D HULL?! :O bitch! I have a mate there and I wanna go"
2078,love,slept all day.. lol. now time to start on my UN article.. what fun (: ...
151,love,"@NisforNeemah thanks neemah. I'm gonna be soooo close to you and izzy, yet so far"
12996,anger,@tommcfly Why do you not respond me?
336,sadness,@Mona26 Aw where are you headed to? i just cancelled my trip to Aussie
246,happiness,"I Can`t do 30 minutes of Treadmill  but done 30 minutes for today already, gonna do 20 minutes more"
96,sadness,dont wanna work 11-830 tomorrow  but i get paid
2154,love,im finally going home but didnt get to finish all my work  so ill be back tomorrow
2673,happiness,"@hilsatlvsonline Thanks for the tip! Unfortunately a major crash in my https site, just as ExtPlorer"
12,sadness,Ugh! I have to beat this stupid song to get to the next  rude!
1,sadness,Layin n bed with a headache  ughhhh...waitin on your call...
1450,love,aw. nick got his heart broken.  poor baby. i love you!
13041,anger,"Big Laptop is too big, so it's time to switch to the Eee.  Bye big guy"
101,hate,@mrgenius23 You win ... SIGH Rakeem
1384,anger,&quot;locked up abroad&quot; makes bein half brown good risk mgmt when travelin 3rd world. i blend. i feel sorry for my hostage magnet white pepo
2474,happiness,This is one of my all-time favorite episodes/quotes from The OfficeUS only   )  http://bit.ly/ARMJ
15375,anger,@JennyTaylor94  yer it is...poor little cock  but she well doesnt deserve the stick off everyone! cowell once again going against producer
2457,love,All of you can have fun tweeting all day while im cleaning hair  LOL
20734,anger,@eminem http://twitpic.com/4j585 - Guess I need to get me an iPhone now for sure!!!  It looks bad ass!!
1366,hate,@WoWInsider I would be playing my old rogue but a friend took the account and could not get it back
1266,happiness,hahaha yeah i see that. but he can't twitter me back
1398,hate,@BrookeAmanda that sucks  what bout kate
2629,anger,"Did a historical Jesus ever exist? Im finding it hard to prove, its all hearsay accounts ... it bugs me ..."
13561,anger,Wish my headache/almost migraine would go away!
1085,hate,@hillaryhatt I never liked that boy  Jerms!
712,happiness,that was an interesting show to say the least. recap tomorrow. first i must sleep. work in am.
94,love,@RobertF3 correct! I ADORE him. I just plucked him up and put him under my arm cuz he was cryin.  All better now! Hahaha
1993,anger,"@bcollinstattoo yes, boo for soar throats and earaches!"
2573,happiness,@ACALLPRO -- yeahhh u wasnt thereeeeeeeeeee
1581,hate,"@stevecruzblog  It is so unfair, Hustlaball, US citizens working here, Personal Appearances Expectations, Prowler, can I do that there?"
1446,love,@kellanator I don't mind Sam. But I liked Kate more.  I don't like Chris. He's smarmy.
1397,hate,rah rah. youtube isn't working again. oh great
15506,anger,"Had a shower. it's 5:55 PM. Triple 5's! Crap, it just turned 5:56"
2619,anger,"@rmilana Hey, Wahts happening in #coffeclub..? I didnt have coffee for two days now  @dharshana"
2288,happiness,@drewpeacock85 cool dude! yeah i was hoping your rate was still $2.75. lol! yeah not sure when ill mar and par for my birthday dinner.
3909,anger,"@Greenwichlad Oh let me clarify,know lots of nice people who live there, but thought it always was a breeding ground 4 BNP"
445,hate,hates the net. ayaw bumukas ng twitter.  http://plurk.com/p/wxlxs
1661,hate,Arghhh So annoyed-yet again gone 2 starbucks &amp; given skimmed milk instead of soy milk!! I can't have milk so hav 2 throw away! Expensive
7197,anger,@jamie_oliver  I was off by one year. I really wanted some of Jamies cooking books in ENGLISH!!!! not German.
95,sadness,@sweeetnspicy hiii im on my ipod...i cant fall asleep
1234,hate,@anant24121986 it is so unfair that all the good rock shows happen only in B'lore and Pune
7698,anger,@BigCatJared   What did I do to you!  sheesh
132,sadness,*sigh* I'm going to bed... I just don't feel right anymore...
1637,happiness,"BOOYA!! Sup Tweeps!? Happy inFAMOUS day to you all, off to get it very soon. Can't wait to play, need to find some more time though"
29917,anger,omg! goooood ass nappy nap  jusss woke up bout 2 clean up a lil then get ready
12579,anger,@playspymaster I want an invite - sick of seeing all these links for people playing and being left out
210,love,@bobbyedner i missed the game
1003,happiness,@cha_rade oh no the economy gotcha?  sorry but so happy that you got another one in LA!  Enjoy SoCal! Ahahaay! LOL
1848,happiness,"@sueveeyall Haha, I wish I could"
12385,anger,"Grabbing a snack and a drink at chili's, but the power just went out. Before I got my food!"
1948,happiness,wishes she would call him ...   *hc*
17771,anger,FUCK. slept in
283,hate,@lanacaitlin  hahaha well its try its so ugly
80,sadness,@RachelLock22 ohh thursday i have exams.. all day  what about wednesday ?
8251,anger,MOtherfuck QW
47,sadness,I'm having a problem with my photo here in twitter amf!!!...can't see my face!
1460,happiness,@pourmecoffee I won my 5th grade spelling bee. Went down trailing flames on 1st word at county spelling bee  http://post.ly/geb
13,sadness,@BrodyJenner if u watch the hills in london u will realise what tourture it is because were weeks and weeks late  i just watch itonlinelol
2403,love,I miss you sweetie!
2523,love,"Oh Cr*p.... Here goes my head again, &quot;I'm Spinning Around&quot;"
107,hate,@mileycyrus THIS WEBSITE GAVE ME A VIRUS! When i opened it more windows kept POPPING up
1950,love,@soscandalous love you ::hugs:but i'm not seeing anything...wondering if i'm doing something wrong)
121,hate,@IamYeTe Waraku is tasteless and expensive! Portion is so little!!!!!  re: waraku
302,hate,think i may have broke a toe at the bar tonight......thanks drunk girl for steppin all over me!!!!!
262,hate,"i HATE when i see pregnant women smokinggg!!!! its sooo irresponsible n selfish! its saaad. ultimately, the baby is the one who suffers."
1316,love,@MitchBenn Waah! You were in Aberdeen? F**K why do I miss all the best gigs?!
185,sadness,Took a shift tomorrow.    I don't really feel like working right now.
1978,love,Ok so I did shed a few tears watching the preview for next weeks Medium. I'm so scared. I'm so addicted to this show. I love it
397,love,@neyoofficial: love the song &quot;together&quot;. that's &quot;his&quot; song for me...well i think it's still is
233,happiness,"took a math test today. The day before the test, the teacher says bring your calculator. Luke was confident. Teacher decided no calcs."
1781,love,"standing here open hands and i know i can't do this alone hold on, hold on, baby, hold on...geeez"
1183,hate,"Change my hairstyle,but it isn't good as it supposed to be N don't wealth that much money..  hate that hairdresser~~"
505,hate,@juliaiiivir Hey! That's my school! I hate that place.
371,sadness,@imjustlalayone damn girl I'm so down but ya gotta let me know so I can get my kit together &amp; I got a flyer  Any next weekend? I&quot;M DOWN!
314,sadness,I HATE rob zombie movies. &amp; the smell of weed. Vommmm.
2346,love,"@ddlovato july 21st!?? that means at your concert I won't know all the songs.  oh well, yay demi!! &lt;3"
1251,hate,says BAD TRIP! (angry)  http://plurk.com/p/wxshi
439,love,@ddlovato i can`t wait to hear your new album. i`m sure will be amazing.please just replay to me  i love you so much!!!!
368,hate,"RATT ROCKED NASHVILLE TONITE..ONE THING SUCKED, NO ENCORE!  LIKE IN THE 80'S THEY STILL HAVE A FUN SHOW. PEARCY HAS THAT HOTT BAD BOY LOOK"
353,happiness,english class! working on interactive orals
1016,love,"Trying to learn how to do this &quot;twitter&quot; thing... I'll get there. Welcome to all my followers, though Im not that interesting"
2259,love,@BK_II It's foggy here
543,happiness,My little foster kittens are getting big...chubba and Winston are going 2 b missed when they get amazing homes.
1520,hate,i'm so sick   bad throat and the WORST toothache.  good thing i work in a pharmacy.  load me up with drugs!!
84,sadness,@artfuldodga I love those 'it'sakey' USB sticks. We only have the 4GB in Australia
1362,hate,The Taxi Q at Pelangi was super loooong.. and now I'm getting headaches because of the hot-cold transition
276,sadness,@YumiFujii i'll miss y'all back... give @LesleyBoudy my regards...
2043,love,"@Jessicaveronica MARRRRRRRRRRY ME! &lt;3 have fun partying tonight, have a drink for me, if only i was 18 i wud come there just to see you!"
1110,hate,dam it keeps rainin on me
2669,happiness,job centre bound. oh yay.
997,hate,Bummed that F! F! F! broke up
105,hate,"@soviet_star Damn, that sucks"
191,sadness,Too bad the Red Devils.. disappointing to say the least
372,sadness,"@JustinOdom dbl booooooo for being sick, flippin blows! ... bahaha i kno i dont have many friends on here either. i feel so lame  haha"
1156,love,@MaritessDeLeon aww tessy wanna hug?
106,sadness,@cayogial i wanted to come to BZ this summer :/ not so sure anymore... a teacher's life in the summer SUCKS
1975,love,"@thoughtmecca still on track to move back, albeit in 2-3 years.  However, my buddy Jen is now moving with me, so we're on a FAST track!"
242,sadness,sometimes i wish things could go back to the way they were the beginning of last summer
1913,love,im gonna go to bed alone again.  Sad day for me. but itll get better.
1326,hate,This train is so squeaky its givin me a sore head its bad enough i have to go to work!
2617,happiness,"Wow what a sunny day,  just recovering some erased files"
578,happiness,Getting ready for school - second maths test today  also its my last day of 3rd year!! Next week i will officially be in 4th year
9998,anger,#twitterfails fucking hard right now...this is annoying
3565,anger,"@LeahMul awh, thats not good,   get better soon!"
6497,anger,Stupid red hair is too difficult on the upkeep. Re-dyed it a more manageable brown-red. Boo
212,hate,@tiffalo cuz airlines are super lame.
236,sadness,Up late with nothin 2 do.....
2440,love,http://twitpic.com/666gy - My glass is empty. Will someone be a dear and fetch me another?
698,happiness,someone take me to LA  I NEED TO SEE THE LEMON TREE
8857,anger,i hella wanted a sausage mcmuffin but when i gt there breakfast was over
174,sadness,just uploaded my new blog... a painful story about an 80s year old man who cried because he wanted to die... very sad
1283,love,@TheKJA finished listening to Last Days of Krypton's audio book! Loved it...so sad though...
1988,happiness,"My life what a beautiful morning, i can think if no better way to ruin it than by being at work"
2165,love,"@sweetavalanche haha yeah i know  yeah, things are okay, pretty much the same. i'm slowly sorting things out.. exams are coming D: haha"
970,hate,"feeling really sick  watching the fifth element, and about to smoke a cigg. ugh i hate colds!"
2435,love,"Just finished The Village. So in love,could watch it over and over! Wonder why I can't get to sleep tonight"
269,sadness,Is going to sleep not peaceful  wanted to hear him say Good Night but that didn't happen  Good Night everyone....
351,sadness,Have to go to the dreaded DMV tomorrow
1281,hate,omg!!! mcdonalds combo and wendys sundae = puke material
410,sadness,I'm awake. Anybody else awake? Wish I lived in the US since all the fun happens when I'm asleep!
384,hate,I have to work in the morning while my friends get to party it up.....stupid bberry lite flashing red and I have no messages!
784,love,big day 2day the xt launch was amazing! so much free stuff thanx 2 the edge and telecom! found the phone i want...cnt afford it yet tho
2065,happiness,huhuhu still working to get new clients in motion graphics
23830,anger,@stevebiddle I used to be - but that was a while ago now - your argument is pretty sound for a trolley pusher
635,hate,"back at Vienna (  ), sooo tired, luggage lost, Manchester 'd been great - very good outcome from Seminar at MBS &amp; great people around ..."
1636,happiness,I am soo happy! But frustrated at the same time!  :]  :S. Ohh noo!!! Britney is recording her new video for Radar!!!  Sooo ExxCiiTeed!!!
697,hate,@guitar21g @jackie_hussein i have to wake up earlier than i thought.. my dad wants me to take him food at 9AM! no0o0o0o!
11136,anger,"Wow, I'm really bored... and pissed I left my library card when I had to take the Booky Wook back..."
2096,happiness,@Lara82 Yeah  He was such a good..erm...entertainment )
226,sadness,Had to cancel wow for now
119,sadness,Allergies suck ducks nuts.     &lt;=====8@8=====&gt;
14684,anger,Gah! I left my glasses at work and reading is giving me a headache.  I can't believe how much I need them these days.  Old age.
256,hate,I hate the new mt dew commercial..the one with a giant mosquito..it scares me and grosses me out all at the same time.
2405,love,@AntBoogieWorld Wish you were coming to Australia &amp; New Zealand with the Sticky Tour Ant
1457,hate,my hsbc savings apy dropped to 1.55%. sort of feeling like pulling out all my money and keeping it underneath my mattress.
3515,anger,@_supernatural_ more Demon Sam!! I need it to numb the pain  xXx
281,sadness,Just found mj mouse flats at DJs. Of course there are none left in my size
860,hate,"@calvinharris make the most of pork products while you can, they've fucking stopped importing it here in dubai. bad times"
2705,happiness,@shaundiviney 04182012154 send me one PLEASE!! I TXTD IN BUT I GOT A NEW PHONE
301,sadness,I can't believe the Metal Gear Solid song was stolen    I'm so disappointed  http://bit.ly/YKkSu
365,hate,@ksutt11 ohhhh thunderstorms...boo  why do they always have to make the power go out??
12590,anger,#thingsmummysaid my mummy told me she never wnted to be my mummy ever again  so i live wid my dad i think ?? it all confusing
16615,anger,rught brb on me ipod. if i randomly go off its cos me internet breaks
24681,anger,@iaindodsworth Told you that when you got rid of the last one. Did you listen
17,sadness,So sleepy again and it's not even that late. I fail once again.
732,love,@Anna_Viola love it! By the way I didn't end up having time to go this week  I'm sooooo sorry! Next week for sure!
370,sadness,@RealBlackWidow But but I dun wanna
14082,anger,sam and sean are teasing me saying they are gonna get wings without me
1308,hate,@iamivanxxx That sucks to hear. I hate days like that
2135,anger,My stomach is all EXPLODE from the wendys  why is everything that tastes good bad for you?
254,sadness,Cute Malay girl came to seemy room for rent - sadly think it was for her guyfreind   bit misleading and disappointing LOL
1276,happiness,Watching Jay Leno's 2nd last Tonight show   I haven't gone a day without Leno in like four yearss.
1025,hate,"@StonedSteve yes it was good 2 see them laught at each other,,but that poor lad asking his mum &amp; dad 2 kill him"
8,sadness,@charviray Charlene my love. I miss you
14112,anger,never does  anything good school and rabbit it my life cycle dunno how to tune a giutar so i am stuffed
2790,love,No http://twtvite.com/3koyqo #twtvite #aptw Have to miss this now because of other engagements
1499,hate,Another Day gone by....  Have to wake up early again tomorrow
64,sadness,Ok ... the passengers ... no one is alive ... they're all dead ... you just don't know it til the end ... then you cry ...
1264,love,@cheri two macaroons go into a bar....one says oh your a nut.  wow I need to get out more.
2392,happiness,@DaRealSunisaKim There's ding tai Fung here in Sydney aswell...  making me want dumplings...
30,hate,It is so annoying when she starts typing on her computer in the middle of the night!
1243,hate,almost everyone can suck my clit right about now. ive had it up to here with people fucking me over !
135,sadness,Now I am depressed after watching so you think you can dance
487,hate,@abguerraartist  I am not a pussy! damnit!  [sending you an e-mail right now btw]
327,sadness,im contacting PAWS Philippines so i can find &quot;tiger&quot; a new owner. im so sad. i love my dog soo much
4378,anger,Confuzzled
321,sadness,no more arrested development. i am sad.
1509,love,@thomasfiss i think you should come tomarrow....because i was really really really looking foreword to seeing you.......please come?
2064,love,using my brothers G1 phone.. love it! driving to vegas... my phone died this morning and my charger broke
1586,hate,"Changed my hairstyle,but it isn't good as it supposed to be~~N I don't think it worthed that much money..  hate that hairdresser~~;("
13439,anger,@FafsaHelp i don't know what lender it was? yea these people definitely sucked butt toes. NOT friendly or helpful.
7980,anger,Internet is painfully slow today
313,sadness,my teeth and head hurts
8683,anger,"It's so annoying when I want to go see The Sats, @OfficialJoBros and @ddlovato in concert..but I know I'LL Have to pay"
408,love,I want to go to Peru this summer ahhhhhhh! Hopefully! Yesyesyes! I miss it over there!!!
28,sadness,Fudge.... Just BS'd that whole paper.... So tired.... Ugh I hate school.....  time to sleep!!!!!!!!!!!
24880,anger,"wakey wakey lemon shakeyyyy!  haha, goin' 2 schooliooo!  it's raining!! (ugh!) guess where I WISH I CAN BE RIGHT NOW....CaLiFoRNiA! ???"
2121,happiness,@mileycyrus I would totally take you to prom...if i hadnt already gone  sorry lol
2638,happiness,is wondering where all her friends went...
6895,anger,has a VERY arduous task to accomplish at work...stuff that should have already been done &amp; as usual it hasn't. Not because of me either.
651,love,"good time Rocking out @ open mic, thanks 4 all the love n support. Now working on Business plan presentation. No CG again 2nite"
22194,anger,finally getting sleepy right when the sky brightens ... figures! G'nimorning
1044,happiness,@allyycase suuure
97,sadness,feels sad coz i wasnt able to play with the guys!!!  http://plurk.com/p/wxiux
126,happiness,"Need to pack for CALI CALI! Cannot waittt! Thinking a glass of wine is in order to celebrate my weekend vaca. Still work 2morrow, tho."
173,sadness,well fuck- this new pain med has an odd warning that actually applies to me. i can't take this. -chan is displeased.
2716,happiness,@MarkStanto why thx! #webdu I was only at the conf on Thurs
624,happiness,"Ok, other then my shoe, the club is cool. Its fun, and its poppin except 4 the ppl tryna dance wit me"
344,sadness,I dont feel good AT ALL. fuckkk
17243,anger,I am beginning to think sun blcok is a haox.
1640,happiness,"@TerrenceJ106 I'm up wit cha!! Just got home from da reggae club, wishin I was sexin somebody!!!"
275,sadness,I haven't seen Muffin in two whole days!
1495,happiness,why do i have to wake up so early goddam?! 7.30 on my last day off  bummer
17022,anger,at famous dave's with my mom. so hungry.
361,sadness,Taylor Swift and Joe Jonas looked really good together. I'm kinda sad they broke up.
5387,anger,@mashable Link to ff &quot;how it works&quot; is broke!
376,sadness,feels sick to my stomach and idkk whyy
1644,hate,@digicho I'm inclined to think it's stupid.
15187,anger,@porcelain_baby @Christomopher your not talking about your obsession with me right???
211,sadness,"@moggy99 No internet last night; ER was brill, there was a massive explosion at the end of a nearby gas works ER on standby"
2350,happiness,"@mitch_400iso Me too, she was adorable and you could tell the pressure got to her."
2415,love,@IljaCoolen Thanks! Just used a therm to pry it out. Was like concrete! Blood and everything!  He's doing a lot better now. Thank god.
588,happiness,"Friday yay!! And a bonus, don't have to drive to Wales tonight.  Athough will miss kitten cuddles and going for a ride"
2517,happiness,Sleep....take two....this better work!
933,hate,"@mrskutcher  Where I live, all the small markets deliver their day-old bread to the food bank, but times are really tough, even for me"
553,hate,my sister is a douchebag
160,hate,don't you hate it when you finish all your work and there's still 1.25 hours left of work time
2087,happiness,"Why does #googledocs do folders, instead of labels like #gmail? I kind of like labels"
364,sadness,God I just want to sleep.
491,love,"The pics I just uploaded are the baby pics of my cats. Missy is now an adult and a pretty little kitty, but Batty is in kitten heaven now"
216,hate,I'm so very tired...and have insomnia.
308,happiness,I spilled my beer all over my leg. Wasted half my beer.  Home now. I met a cute girl. Good conversation.
2847,love,"Oh ffs :@ a don't get paid till monday :@:@:@ :$. Sorry william, gonna have to wait till next weekend till I give you ï¿½  :@"
136,sadness,"Just cross 'cause I'm stuck twiddling my thumbs now, ugh"
4890,anger,@eboogiee smh Your whin with that comment
2687,love,@Dichenlachman oh I love oreos!! U can't get many varieties in the uk
131,love,Pats in philly at 2 am. I love it. Mmm cheesesteak.  Miss my boyfriend   but I love vacation.
841,hate,"sososo bummed, like really bummed, i hate this rain, ruin my date..."
1739,love,@mimiwinfrey i wish i could find my camera cause i really wanna record some too...
2273,happiness,Going back to Manila this evening. All my trips to Cebu are so bitin.
835,hate,i just murdered two fucking mouses!!! now i cant sleep
1557,love,Jus Got Hom Fr. TDa Funeral... I'm So Sad! I Cried So Much Times! Much Love Grandpa!&lt;3 I Never Got To Say My Last &quot;Goodbye&quot; to Him.
2773,love,@HaylieK can't do class tomorrow audition at 10am  but free from 11 to 3 if u wanna work out!
1164,hate,Omg grr my parents left probably 15 minutes ago to belgium and typical i wake up a stupid o'clock
879,love,@AnnetteStatus I luv urs! admitting niley with a kiss (: but then they change their minds  haha &amp; demi/sterling (: not jemi but still cute
1084,hate,Its so Fucking hot! Damn no air conditioning.
23140,anger,"So, what's so great bout your so called 'wonderful love life'?  For god sake, W-A-T-E-V-A!"
981,love,@mattpro13 Maatt Havent spoken to you in ages dudeee  Dont forget bout ur Aussie fan  ;) lool. Love ya xx
99,hate,@ cayogial i wanted to come to BZ this summer :/ not so sure anymore... a teacher's life in the summer SUCKS
263,hate,Lies...lies...lies....you just cant avoid to lie about practically...EVERYTHING!
16034,anger,@ACMcWhale I always feel guilty about it
11694,anger,@kristanmarie at least you dont have quad parking haha two cars drove by real fast and spashed mud all over me
1106,hate,"this sucks i'm tweetless...and i f'n hate money, why does it have to be an issue"
943,love,"I can't wait till it's Sunday, a new episode of Supernatural but then there are only 6 episodes left now"
1160,love,just got Up and going to get ready to go to meadowhall ;) can't believe my internet broke yesterday  GUTTED
1324,happiness,@assembled ive been there before  haha
127,sadness,Is miserable  i feel like im gona cry  sux!
214,sadness,@bloomsday16  I'm sorry to hear that. Here is my optimist: Things will get better. For all of us.
186,sadness,but now i have no money for a phone
399,sadness,@turnitgrey my computers broken and I broke my laptop so I had to use the phone  ahh still on he cause they fucked up my order.
974,love,@markiti The sweety sat on the table this morning...Just woke up! Very sweet! Oh...btw...I think i'll be home around 7 pm!!!  Xxx
10727,anger,@egheitasean Which denomination? I'm at the library and everything's blocked.
2085,love,@SexyKellyC hey chocolate chips is good.  i want a snack too but i'm out of snacks.
18522,anger,"@PENLDN just got in, gonna go upto bed in a sec, not drunk! I'm disgusted with myself  haha"
527,anger,Working   But it's Fridaaaayyyyy
1882,happiness,good morning people !! in good old germany is it soooo cold
62,sadness,I want to buy this great album but unfortunately i dont hav enuff funds  its &quot;long time noisy&quot;
3717,anger,stuck in stupid Jeuno with flag up.  Wish I was in Windy fishing
525,happiness,"good lord, just seen the agency work for our upcoming Open Day. Money for Jam"
6,sadness,"I should be sleep, but im not! thinking about an old friend who I want. but he's married now. damn, &amp; he wants me 2! scandalous!"
2224,happiness,I can't work twitter on my phone!  we're just in bed thinking of funny stuff from last night! (L) GOOD TIMES!
19224,anger,UUUUUGH!!! I HATE I MISSED @WAYNEDASTAR INTERVIEW!!! I WASNT AT HOME!!! DARN!!!
315,hate,"@jcwentz Maths and Science were the strongest for me i think..dunno bout geography, only did like 1 day of study for 1/2 a year of work!"
1173,hate,Just watched The Goode Family premiere online... And I think this may be the last episode I watch. It's pretty amazingly mediocre  pass.
1289,hate,But why do I have to spend it in the office
1654,hate,Hates untalented bitches being mean to my talented friends
1835,love,"@LishaKatherine i hope your doing great! I, your friends, and california miss you!!!"
1740,happiness,"@rettema &quot;might be interested&quot; - thanks, I was: I came, I saw, I winced..  too much like Flatland http://bit.ly/12f0y"
1494,happiness,Bought a new combo printer at costco today (officejet j4550) cause it was cheaper than ink 4 old one. #windows7 doesn't like the fax part
1424,love,I really wanted to watch Mary Poppins and sing along.
2125,happiness,@RASHIDIAN Come hang out wif meeee
19480,anger,Sitting in traffic while my car gets rained on. Just washed it on Sunday. Doesn't the weather know this is California?
705,happiness,"@hiracdelest who's the one always working now?  oh yeah, still me."
1336,happiness,"i have the biggest headache right now, i washed my hair wif mum's shampoo and now it's gross  i like my shampoo way better"
1356,happiness,"Heading home now, yay! Was going to buy a much needed bottle of wine to drink with dinner, but my wallet is MIA so no wine for me tonight"
462,love,there's really no android twitter app of Tweetie's calibre
163,sadness,I miss my puppy
103,sadness,Darn these allergies! I don't like this time of year because of this! I never used to have this problem either
2252,love,@diane4president visit si fr joemar dito bataan (frm camiguin) &amp; sum of my ofcmates&amp; i are supposed to meet him this saturday  can't luwas
2274,love,@albamayo...I just posted my First video... A contest entry and my still is terrible too  boo...luv ur videos btw. Xxxrebelrebelxxx
13328,anger,People at work are stressing me out.
2657,happiness,Finishing Homework.  BOOO
455,happiness,@PandaMayhem noooooooooooo i just look at a lot of pictures   lol lol
150,sadness,"Last day working for the Uni today, sad times"
8045,anger,@cindaxo the straightener's another 110 pounds though. Seems pricey
309,hate,my roommate @tess_tickle loves to ignore me
1083,happiness,"up early again  loads to do- but the suns out, hurrah!"
17521,anger,Apperently ea knows my copy of the sims 3 is not legit and is upset
250,happiness,Chillin with the roomies. Can't wait for the zombie CLWN CR. Its gonna be 6-8 weeks
2471,love,Summer is really ending. It's raining.
552,hate,"plan may changes , nooooooo"
2310,happiness,"Morning twitties! Heading to college, just back from the docs, god I'm hungry  streching my ears again today! 10mm ;) payday I love you!"
17829,anger,"my sisters fucking pc, just blued screened me"
200,sadness,@AlexanderGWhite daaammmnnnnn I do wish I was there.
13699,anger,"Gah, I sprained my LEFT ankle... Just after I got over the torn ligament for my right foot. Looks like it's back to walking with a cane"
877,love,@kirstiealley funny u havent showed me any love yet at all
1063,love,@craftjoshua I CAN'T!!! My heart aches for her children  I wanna adopt alexis
3187,anger,"i hav a chance to win $10, $100, $1000.  i was given a free can of $ plant..have to wait till the plant grow to know if i won anythin!!?!"
1577,hate,Gday... Do you know if NHibernate has issues with COM Interop (VB6 &lt;-&gt; .Net Wrapper &lt;-&gt; .Net+NHibernate dll)? I'm getting crazy
2347,happiness,I have been playing skate for two hours. Now i need to get out and actually skate. But it's too late
291,sadness,@xoshayzers i knoww  things won't be the samee &lt;/3
6475,anger,Shout out to my moms for wakin me up so prematurely! Preciate it
331,sadness,Fuuudge. Movie store is closed
69,happiness,"So great to see Oin &amp; Cynthia.  So happy.  Dinner was great, cute little place.  Too bad Oin got sick afterwards."
1011,happiness,so carlie came over and she fell asleep on me
1625,love,"@marjorielu MISS YOU, TOO!"
213,sadness,@lenje - Still a pity it comes with no lamb though
682,love,"@heresmyhello92 LOL, very true. Maybe next year. I loooved that siggy, and I don't remember what the password for the mod thing was  Cake?"
1167,love,I am watching Blood + on veoh episode 19 love the music.wishing i could watch the live action but not old enough
16,love,@annarosekerr agreed
1535,hate,@avrilchan never invite
612,anger,Packing  I don't like it..
36,sadness,@ether_radio yeah :S i feel all funny cause i haven't slept enough  i woke my mum up cause i was singing she's not impressed :S you?
350,hate,aarrgghh - fu*k.....a hose has leaked water all over the new floating floor
1591,hate,he just fully yelled @me saying dnt be so fcking stupid grow up! stop with this band shit then... throws the remote at me thnks love u2
1077,happiness,ah thats better snow patrol! now to be stuck indoors  still weekend coming up and fresh air excellent hope its sunny!
381,sadness,"@hello_jodie Um, I was thrown from @JareWolf's van yesterday and had to be taken to the ER"
333,hate,"@meganmansyn Hahahaha! It's not horrible, if others were singing with I'm sure it could work. I wish I could afford my own drum set"
332,sadness,ALO is so sad and quiet and empty tonight
22174,anger,@paulmoxham everything is your fault moxy...everything.   x
10734,anger,bout to go to work with a wicked sunburn on the chest.
59,sadness,"@maternitytees Aww  Onward and upwards now, yay! Still sad to leave I bet."
183,sadness,I just saw pics from this past Thanksgiving and am sad because Grandma was in them.
299,hate,I hate when my bf beats da dogs. But I guess that the only way to teach these pitts.
929,love,"@jamasweetie06 see...u shouldn't be comin' 4 the city, u should be comin' 4 me"
2159,happiness,@pyroezra i know!  i wish she would. I just wanna cuddle and sleeep in ga! And go to the world of coke
1884,happiness,@sunnyphoenix there was like no1 there n tha DJ comp was hella wack... no gud DJs  but got in free so its all gud
395,happiness,@celldweller Must... have... new music... I won't sleep until you give us Chapter 1... I might die first though...  Hurry!
1760,love,I love music so much that i've gone through pain to play :S my sides of my fingers now are peeling and have blisters from playing so much
1696,happiness,Is dreading going to work  BUT....its friiiiiday!! whoop!!!
27174,anger,@taylorswift13 jet lag must be soo annoyingg! im in uk timee  welcome to ukkkkk  are u coming to scotland at all  ? xxxx
17123,anger,"@maddsie Thanks, none close to me."
386,sadness,@judyrey  The link doesn't work
125,sadness,wonders why her Karma points turned into 0.00.  http://plurk.com/p/wxj54
1062,hate,@GoblinZA Can't access your site!
1182,hate,and this stupid wireless wont work downstairs
2676,happiness,@moneymakn1 Thats actually not that fun as you would think... I was hurting for a week after a similar experience.
3337,anger,@drakesizzle  If you don't want to come then don't come. JEEEEEZ.
508,happiness,"@ddlovato demi, just say hi to me and it`s enough. just replay to me please  love you so much!!!"
776,hate,night 5 not talking to my victor  i'm so bored at night now. grrrr i hate this shit
2250,love,I loved johnny carson now I'm going to hate seeing jay leno go  (via @womanschitchat) that's what I was waiting for someone to say!
1186,love,@Snuva Mmmmmm I love curry. Don't have an Oregan though.
206,hate,@SparkDawgMusic im doing that shit right now ... im on vacation and you got me workin
228,sadness,@fairyfroggie But yeah...I'm sad about my &quot;Ravenclaw&quot; account. I love that account to bits.
1064,love,@TicketChoice lunch was going home to rest...not well today
8539,anger,@msaysrawr *points at the gear question I just posted* I cant get the rest of my Dreadweave set
800,love,i no i no bt i had only been a gamer for like 2 years when i made that attempt  lol yea i luvd F1 to an extent @yellowshirts
2255,happiness,@NMaize Lucky Rob... always gettin' the T8's from Emalon
1711,hate,This is exactly y I hate driving thru dandy - sittin at lights next to a car of asians who r callin out to me &amp; 1 held up a knife  scum!
4511,anger,The toaster oven was my fault. Now I'm going to look like an idiot in front of my father.
619,love,Photo: martwo: OMG i love you!!!! i accadentally deleted this photo  yay hes SO beautiful http://tumblr.com/xvd1wankt
2608,happiness,@DeadMemoriesX Poor you   If I was with you right now; I would probably give you a hug ;D
968,hate,Doing a mass cleanout of my room before rearranging it. Just sent mother out to buy me a bin and a bookshelf since mine sucks. Bad mood
1562,happiness,Goodmorning yall! I woke up to early
2691,love,"@jassily but ... but it's michael bay ...*sigh* i'm sorry, love - didn't know you felt that way about it   XD"
16578,anger,seriously why did mum make me eat yeah i have a weird eating habit of not eating all day but really
77,happiness,"@havingmysay  dude, that is my favorite sandwich place ever. ummm did you take PICTURES?"
1162,hate,@MissMadalena err i think they're like 15 bucks a ticket cause its 3D too. too expensive
10640,anger,im writing an exam on a SATURDAY  that should be illegal  where's my weekend?
24321,anger,"@taylorswift13 Hello, yourself. Enjoy London. Watch out for the Hackneys. They're mental."
304,sadness,@MacZombieRawr  I wish I had Left 4 Dead. But first I'd need something to play it on...
323,sadness,omg i keep losing followers this is so sad  i want 90 one day....thats my goal ;D
219,hate,"I hate Bakersfield and I hate the Ports, let me go home already.  I want to start my vacation."
268,sadness,It's pissing me off and not letting me follow ericka
1483,hate,"damn another day at the office, the sun is bursting from the sky...and the women are eh well...back to the keyboard"
328,sadness,just got home! not wanting to read the last chaper of breaking dawn cause i dont want it to be over
2411,love,what a bummer that tomorrow is friday again!
2729,love,@BrianLimond but lorraine kelly is a sexy mama!
23045,anger,is downloading new fonts . again  http://plurk.com/p/rplkr
2820,love,They changed the way Golden Gaytimes are made. They used to be awesome.
803,happiness,@Sashairene hahaha oh man please come to pomona i would love to see you everyday instead of like once a year if that
27246,anger,knows its all going to sort itself out
1712,hate,@AravindJose thanks dude. Being a low level business man its hard to get normal credit cards..also our place is not listed with any bank
270,sadness,my mums trying to make me feel ebtter about stopping voting adn not winning shortstack. i almost cried.
404,hate,@all_is_one84 Those suck so bad.
385,happiness,FB is boring   and i wanna sing RIGHT NOW..! *-*
61,sadness,diesel yaris... 70mpg  so sad its not available in the US. That'd be awesome.
1665,hate,@markbuchholz the non-Europers managed to dump the sun here! its gonna be a hot time now!
1315,love,wishing i had marvelous misadventures of flap jack on DVD
8444,anger,Very bad things.......I need to stop thinking!
8410,anger,No gas PLUS no money = Desperation!!!   and that's the word of the day!  http://twitpic.com/66zls
63,sadness,@Pokinatcha  in all honesty...pain   blech.
245,sadness,"@kateisbored I feel the same way, but I guess no matter where you are there will always be memes."
2052,love,@Roberto958  awwww  thanks for follwin me thou. lol
629,happiness,"@o0hemmy lol hi emmy, latin would help me study for the aptitude tests to get into grad school ;\ thats why i wanna take it"
1210,love,Looking at old pictures... I love it &amp; miss the good ol days
17480,anger,Just found out my parents are putting down my dog tomorrow morning. Upset
411,hate,At Charle's with the power out. LOL! Damn SaveMart lost power and we could not buy beer.
1587,love,kewl the JB chat was awesome. I had to miss lots of it though cause i had 2 go 2 skewl
2664,anger,lost all my files since high school.
324,sadness,I feel so deflated. No more doggy.
2,sadness,Funeral ceremony...gloomy friday...
677,happiness,@UniqueMakis Awesome! Wish I could fly out to see her
2666,love,"@KarenAnn_P i'm so sorry about that  i was really excited about it too! but i might continue posting externally, so fingers crossed!"
1775,love,@westonbuck i want a zune but i looove my pod  hahah
2336,love,Friends! Come over and give me a massage  I can't sleep.
297,sadness,Going to sleep. Gonna fall asleep playing apps again. Tmrw is going to suck
204,sadness,is a bad friend
984,happiness,Are u missing ur frnds ? Hear to &quot;Manasellaam &quot; From Kulir100 Degree movie. Its amazing !!!  Nanbargale - Miss u guys !!!
162,sadness,is still missing her husband.    I really want him home.
343,sadness,Sad that Christian Lacroix had to file bankruptcy
267,sadness,"Everytime I send an email to my coach, I feel a need to practice.   shitty balls.  Lol"
2661,happiness,Football session after this.fun
3885,anger,@mikeavila ack! I just read about your show  that's horrible!!! No accounting for taste.
86,hate,dammit! hulu desktop has totally screwed up my ability to talk to a particular port on one of our dev servers. so i can't watch and code
1430,happiness,@captainboots  YOU'RE FAKING IT! Hahaha...I kid.
596,hate,time for tv in bed.Then spending all day catching up on studying  i hate online summer classes
3212,anger,i never knew a dentention was so hard 2 get
16612,anger,"@natss91 kill me as soon as you get here ,ok? my sister is having a sleepover tonight  and her obnoxious friends are driving me insane"
2494,happiness,I chilled in my room with my baby book missed my bro leavin  he really is cool had a stripper shirt on said I suppoort single moms! Funny
794,hate,Sooo.....I'm kinda o sick n tired of the bs that guys dish out  !!!!!!!!
1332,hate,@Kikirowr Downside though is that you're breaking the thread.
2652,love,@melissaohh omg  when do they finish??
19,sadness,How are YOU convinced that I have always wanted you? What signals did I give off...damn I think I just lost another friend
1621,hate,"@powertwitter Not a fan of the layout change of hyperlinks. I don't like the indentation and, well, I'm clicking and no link shows."
1282,hate,I really need to sort out a bird table and some feeders - the robins and blue tits are being bullied
326,sadness,"I just had to empty my trash on the mac. that was one of THE MOST DIFFICULT things I have ever done in my life. 8,000 pictures are GONE."
1498,anger,@LouGagliardi  damned hordies
82,sadness,"@gcrush @nopantsdance i was just thinking about how excited i am for you guys to move, but then i realized how sad i am to see you go."
209,hate,would wish the severe migrains would stop!!! doc's prescriptions arent working
20531,anger,finally home for once after a dope ass week
293,happiness,@vinylvickxen i kno i doooo!!!!!!!!!! yall partyin with out me
13740,anger,My throat is on fire
8563,anger,The &quot;Catch Me If You Can&quot; DVD that I rented from Blockbuster.com yesterday was cracked. Figured it out about 35 minutes into the movie.
863,love,I wish I was going to we love sounds
15,sadness,The storm is here and the electricity is gone
1412,love,There is something wrong with me! I'm so tired I can barely keep my eyes open. Yet all I've done for the last 3hrs is toss &amp; turn in bed
193,sadness,"@xdjio Have a 3ware 9650SE, not fast enough for 3x X25-M SSD RAID5. 800Mhz IOP on the HPT. Might try an Adaptec 5405 (1.2Ghz)."
518,happiness,"@mrssunshine96 big now!!! Vanessa is going to be 3 in September, its going by so fast!  its hard cuz Im workin so much, I miss out on alot"
932,happiness,"@wedplanworkshop . Flights already booked, plus its GGD2 1st birthday. Can't miss that ! especially as we missed GGD1"
32244,anger,@Buddy021193 i hear you.. it pisses me off haha
1466,happiness,Can you believe it:Tomorrow Night will be Jay Leno's last episode of the Tonight Show  I encourage everyone to watch it and welcome Conan.
903,hate,"WTF facebook just cleared out my whole survey and i was on the last q, this night gets better and better  what else is next?"
7767,anger,studying for this bullshit econ test
